<?xml version="1.0"?>
<!--
/**
 * @author ExtensionHut Team
 * @copyright Copyright (c) 2018 ExtensionHut (https://www.extensionhut.com/)
 * @package EH_CustomerApprove
 */
-->
<config xmlns:xsi="http://www.w3.org/2001/XMLSchema-instance" xsi:noNamespaceSchemaLocation="urn:magento:framework:ObjectManager/etc/config.xsd">
   <type name="Magento\Framework\Notification\MessageList">
       <arguments>
           <argument name="messages" xsi:type="array">
               <item name="extensionhutUpdatesSystemMessage" xsi:type="string">EH\CustomerApprove\Model\System\Message\UpdatesSystemMessage</item>
           </argument>
       </arguments>
   </type>
</config>
