<?xml version="1.0"?>
<!--
/**
 * @author ExtensionHut Team
 * @copyright Copyright (c) 2018 ExtensionHut (https://www.extensionhut.com/)
 * @package EH_CustomerApprove
 */
-->
<config xmlns:xsi="http://www.w3.org/2001/XMLSchema-instance" xsi:noNamespaceSchemaLocation="urn:magento:module:Magento_Config:etc/system_file.xsd">
    <system>
		<tab id="extensionhut" translate="label" sortOrder="200">
            <label>Extension Hut</label>
        </tab>
        <section id="customerApprove" translate="label" type="text" sortOrder="100" showInDefault="1" showInWebsite="1" showInStore="1">
            <label>Customer Approve Account</label>
            <tab>extensionhut</tab>
            <resource>EH_CustomerApprove::customerApprove</resource>
            <group id="branding" translate="label" type="text" sortOrder="1" showInDefault="1" showInWebsite="1"
                   showInStore="1">
                <label>EH_CustomerApprove</label>
                <frontend_model>EH\Core\Block\Adminhtml\System\Config\Form\Heading</frontend_model>
            </group>
            <group id="version" translate="label" type="text" sortOrder="2" showInDefault="1" showInWebsite="1" showInStore="1">
                <label>EH_CustomerApprove</label>
                <frontend_model>EH\Core\Block\Adminhtml\Version</frontend_model>
            </group>
            <group id="general" translate="label" type="text" sortOrder="10" showInDefault="1" showInWebsite="1" showInStore="1">
                <label>General Settings</label>
                <field id="enabled" translate="label" type="select" sortOrder="10" showInDefault="1" showInWebsite="1" showInStore="1">
                    <label>Enabled</label>
                    <source_model>Magento\Config\Model\Config\Source\Yesno</source_model>
                </field>
                <field id="auto_approve" translate="label" type="select" sortOrder="20" showInDefault="1" showInWebsite="1" showInStore="1">
                    <label>Auto Approve Account</label>
                    <source_model>Magento\Config\Model\Config\Source\Yesno</source_model>
                    <comment>If 'Yes' is selected then the customers will be auto approved after registration from frontend. Admin can approve/disapprove the customers from backend only.</comment>
                </field>
                <field id="welcome_email" translate="label" type="select" sortOrder="30" showInDefault="1" showInWebsite="1" showInStore="1">
                    <label>Enable Welcome Email</label>
                    <source_model>Magento\Config\Model\Config\Source\Yesno</source_model>
                </field>
            </group>
            <group id="customer_group" translate="label" type="text" sortOrder="20" showInDefault="1" showInWebsite="1" showInStore="1">
                <label>Customer Group Restrictions</label>
                <field id="enabled" translate="label" type="select" sortOrder="10" showInDefault="1" showInWebsite="1" showInStore="1">
                    <label>Enabled</label>
                    <source_model>Magento\Config\Model\Config\Source\Yesno</source_model>
                </field>
                <field id="customer_group" translate="label" type="multiselect" sortOrder="20" showInDefault="1" showInWebsite="1" showInStore="1">
                    <label>Customer Groups</label>
                    <source_model>Magento\Customer\Model\Config\Source\Group\Multiselect</source_model>
                    <comment>Customer approve/disapprove functionality (on frontend) will be only enabled for selected customer groups.</comment>
                    <depends>
                        <field id="enabled">1</field>
                    </depends>
                </field>
            </group>
            <group id="email" translate="label" type="text" sortOrder="30" showInDefault="1" showInWebsite="1" showInStore="1">
                <label>Approval Email Settings</label>
                <field id="enabled" translate="label" type="select" sortOrder="10" showInDefault="1" showInWebsite="1" showInStore="1">
                    <label>Send Approval Email</label>
                    <source_model>Magento\Config\Model\Config\Source\Yesno</source_model>
                </field>
                <field id="identity" translate="label" type="select" sortOrder="20" showInDefault="1" showInWebsite="1" showInStore="1">
                    <label>Email Sender</label>
                    <source_model>Magento\Config\Model\Config\Source\Email\Identity</source_model>
                    <depends>
                        <field id="enabled">1</field>
                    </depends>
                </field>
                <field id="template" translate="label" type="select" sortOrder="30" showInDefault="1" showInWebsite="1" showInStore="1">
                    <label>Email Template</label>
                    <source_model>Magento\Config\Model\Config\Source\Email\Template</source_model>
                    <depends>
                        <field id="enabled">1</field>
                    </depends>
                </field>
            </group>
            <group id="admin_notification" translate="label" type="text" sortOrder="40" showInDefault="1" showInWebsite="1" showInStore="1">
                <label>Admin Notification</label>
                <field id="enabled" translate="label" type="select" sortOrder="10" showInDefault="1" showInWebsite="1" showInStore="1">
                    <label>Send Email Notification After Account Creation</label>
                    <source_model>Magento\Config\Model\Config\Source\Yesno</source_model>
                </field>
                <field id="identity" translate="label" type="select" sortOrder="20" showInDefault="1" showInWebsite="1" showInStore="1">
                    <label>Email Sender</label>
                    <source_model>Magento\Config\Model\Config\Source\Email\Identity</source_model>
                    <depends>
                        <field id="enabled">1</field>
                    </depends>
                </field>
                <field id="template" translate="label" type="select" sortOrder="30" showInDefault="1" showInWebsite="1" showInStore="1">
                    <label>Email Template</label>
                    <source_model>Magento\Config\Model\Config\Source\Email\Template</source_model>
                    <depends>
                        <field id="enabled">1</field>
                    </depends>
                </field>
                <field id="recipients" translate="label comment" type="text" sortOrder="40" showInDefault="1" showInWebsite="1" showInStore="1">
                    <label>Recipients</label>
                    <comment>separated by comma (,). example: info@me.com,support@me.com</comment>
                    <depends>
                        <field id="enabled">1</field>
                    </depends>
                </field>
            </group>
            <group id="redirect" translate="label" type="text" sortOrder="50" showInDefault="1" showInWebsite="1" showInStore="1">
                <label>Redirect Settings</label>
                <field id="enabled" translate="label comment" type="select" sortOrder="10" showInDefault="1" showInWebsite="1" showInStore="1">
                    <label>Redirect Unapproved Customers</label>
                    <source_model>Magento\Config\Model\Config\Source\Yesno</source_model>
                    <comment>If 'No' is selected then the customers will be redirected back to the previous page</comment>
                </field>
                <field id="cms_page" translate="label" type="select" sortOrder="20" showInDefault="1" showInWebsite="1" showInStore="1">
                    <label>Redirect to CMS Page</label>
                    <source_model>Magento\Cms\Model\Config\Source\Page</source_model>
                    <depends>
                        <field id="enabled">1</field>
                    </depends>
                </field>
                <field id="use_custom_url" translate="label comment" type="select" sortOrder="30" showInDefault="1" showInWebsite="1" showInStore="1">
                    <label>Use Custom Redirect URL</label>
                    <source_model>Magento\Config\Model\Config\Source\Yesno</source_model>
                    <comment>Select 'Yes' to redirect your customers to the URL entered in the 'Custom URL' setting below instead of a CMS page</comment>
                    <depends>
                        <field id="enabled">1</field>
                    </depends>
                </field>
                <field id="custom_url" translate="label comment" type="text" sortOrder="40" showInDefault="1" showInWebsite="1" showInStore="1">
                    <label>Custom Redirect URL</label>
                    <depends>
                        <field id="enabled">1</field>
                    </depends>
                </field>
            </group>
            <group id="error_msg" translate="label" type="text" sortOrder="60" showInDefault="1" showInWebsite="1" showInStore="1">
                <label>Error Message Settings</label>
                <field id="enabled" translate="label comment" type="select" sortOrder="10" showInDefault="1" showInWebsite="1" showInStore="1">
                    <label>Display Error Message For Unapproved Customers</label>
                    <source_model>Magento\Config\Model\Config\Source\Yesno</source_model>
                    <comment>Error messages won't be displayed if you have configured to use redirection</comment>
                </field>
                <field id="text" translate="label" type="text" sortOrder="20" showInDefault="1" showInWebsite="1" showInStore="1">
                    <label>Error Message</label>
                    <depends>
                        <field id="enabled">1</field>
                    </depends>
                </field>
            </group>
        </section>
    </system>
</config>
