<?xml version="1.0"?>
<!--
/**
 * @category  Apptrian
 * @package   Apptrian_FacebookPixel
 * @author    Apptrian
 * @copyright Copyright (c) 2018 Apptrian (http://www.apptrian.com)
 * @license   http://opensource.org/licenses/osl-3.0.php Open Software License
 */
-->
<config xmlns:xsi="http://www.w3.org/2001/XMLSchema-instance" xsi:noNamespaceSchemaLocation="urn:magento:module:Magento_Config:etc/system_file.xsd">
    <system>
        <tab id="apptrian_extensions" translate="label" sortOrder="1">
            <label>Apptrian Extensions</label>
        </tab>
        <section id="apptrian_info" translate="label" sortOrder="100" showInDefault="1" showInWebsite="1" showInStore="1">
            <label>Info</label>
            <tab>apptrian_extensions</tab>
            <resource>Apptrian_FacebookPixel::config_system</resource>
            <group id="info" translate="label" type="text" sortOrder="1" showInDefault="1" showInWebsite="1" showInStore="1">
                <label>Info</label>
                <frontend_model>Apptrian\FacebookPixel\Block\Adminhtml\Info</frontend_model>
            </group>
        </section>
        <section id="apptrian_facebookpixel" translate="label" sortOrder="1" showInDefault="1" showInWebsite="1" showInStore="1">
            <label>Facebook Pixel</label>
            <tab>apptrian_extensions</tab>
            <resource>Apptrian_FacebookPixel::config_system</resource>
            <group id="about" translate="label" type="text" sortOrder="1" showInDefault="1" showInWebsite="1" showInStore="1">
                <label>About</label>
                <frontend_model>Apptrian\FacebookPixel\Block\Adminhtml\About</frontend_model>
            </group>
            <group id="general" translate="label" type="text" sortOrder="2" showInDefault="1" showInWebsite="1" showInStore="1">
                <label>General</label>
                <field id="enabled" translate="label comment" type="select" sortOrder="1" showInDefault="1" showInWebsite="1" showInStore="1">
                    <label>Enabled</label>
                    <comment>Enables or disables extension.</comment>
                    <source_model>Magento\Config\Model\Config\Source\Yesno</source_model>
                </field>
                <field id="pixel_id" translate="label comment" type="text" sortOrder="2" showInDefault="1" showInWebsite="1" showInStore="1">
                    <label>Facebook Pixel ID</label>
                    <comment>Your Facebook Pixel ID.</comment>
                    <validate>required-entry</validate>
                    <backend_model>Apptrian\FacebookPixel\Model\Config\PixelId</backend_model>
                    <depends>
                        <field id="enabled">1</field>
                    </depends>
                </field>
            </group>
        </section>
    </system>
</config>
