<?xml version="1.0"?>
<!--
/**
 * @author Amasty Team
 * @copyright Copyright (c) 2018 Amasty (https://www.amasty.com)
 * @package Amasty_Rules
 */
-->

<config xmlns:xsi="http://www.w3.org/2001/XMLSchema-instance" xsi:noNamespaceSchemaLocation="urn:magento:framework:ObjectManager/etc/config.xsd">
    <type name="Magento\Checkout\Block\Cart\Totals">
        <arguments>
            <argument name="layoutProcessors" xsi:type="array">
                <item name="amastyDiscountBreakdown" xsi:type="object">Amasty\Rules\Block\Cart\LayoutProcessor</item>
            </argument>
        </arguments>
    </type>
    <type name="Magento\Checkout\Block\Checkout\LayoutProcessor">
        <plugin name="Amasty_Rules::LayoutProcessor" type="Amasty\Rules\Plugin\LayoutProcessor" />
    </type>
</config>