<?xml version="1.0"?>
<!--
/**
 * @category  Apptrian
 * @package   Apptrian_FacebookPixel
 * @author    Apptrian
 * @copyright Copyright (c) 2018 Apptrian (http://www.apptrian.com)
 * @license   http://opensource.org/licenses/osl-3.0.php Open Software License
 */
-->
<config xmlns:xsi="http://www.w3.org/2001/XMLSchema-instance" xsi:noNamespaceSchemaLocation="urn:magento:framework:Acl/etc/acl.xsd">
    <acl>
        <resources>
            <resource id="Magento_Backend::admin">
                <resource id="Magento_Backend::stores">
                    <resource id="Magento_Backend::stores_settings">
                        <resource id="Magento_Config::config">
                            <resource id="Apptrian_FacebookPixel::config_system" title="Apptrian Facebook Pixel" sortOrder="1" />
                        </resource>
                    </resource>
                </resource>
            </resource>
        </resources>
    </acl>
</config>
