<?xml version="1.0"?>
<!--
/**
 * @author Amasty Team
 * @copyright Copyright (c) 2018 Amasty (https://www.amasty.com)
 * @package Amasty_Coupons
 */
-->
<config xmlns:xsi="http://www.w3.org/2001/XMLSchema-instance" xsi:noNamespaceSchemaLocation="urn:magento:framework:Event/etc/events.xsd">
    <event name="salesrule_validator_process">
        <observer name="CouponObserver" instance="Amasty\Coupons\Observer\CouponObserver" />
    </event>
    <event name="sales_quote_collect_totals_before">
        <observer name="FlushCouponObserver" instance="Amasty\Coupons\Observer\FlushCouponObserver" />
    </event>
    <event name="adminhtml_block_html_before">
        <observer name="AdminCouponObserver" instance="Amasty\Coupons\Observer\AdminCouponObserver" />
    </event>
</config>
