<?xml version="1.0"?>
<!--
/**
 * @author Amasty Team
 * @copyright Copyright (c) 2018 Amasty (https://www.amasty.com)
 * @package Amasty_Coupons
 */
-->
<config xmlns:xsi="http://www.w3.org/2001/XMLSchema-instance"
        xsi:noNamespaceSchemaLocation="urn:magento:framework:ObjectManager/etc/config.xsd">
    <type name="Magento\Checkout\Block\Cart\Totals">
        <arguments>
            <argument name="layoutProcessors" xsi:type="array">
                <item name="amastyCouponsAmount" xsi:type="object">Amasty\Coupons\Block\Cart\LayoutProcessor</item>
            </argument>
        </arguments>
    </type>
</config>
