<?xml version="1.0"?>
<!--
/**
 * @author Amasty Team
 * @copyright Copyright (c) 2018 Amasty (https://www.amasty.com)
 * @package Amasty_CustomerLogin
 */
-->

<config xmlns:xsi="http://www.w3.org/2001/XMLSchema-instance"
        xsi:noNamespaceSchemaLocation="urn:magento:framework:Acl/etc/acl.xsd">
    <acl>
        <resources>
            <resource id="Magento_Backend::admin">
                <resource id="Magento_Customer::customer">
                    <resource id="Amasty_CustomerLogin::customer_login" title="Amasty Login as Customer">
                        <resource id="Amasty_CustomerLogin::admin_login" title="Login as Customer Permission" sortOrder="40"/>
                        <resource id="Amasty_CustomerLogin::admin_login_log" title="Login Grid" sortOrder="50"/>
                    </resource>
                </resource>
            </resource>
        </resources>
    </acl>
</config>
