<?xml version="1.0"?>
<!--
/**
 * @author ExtensionHut Team
 * @copyright Copyright (c) 2018 ExtensionHut (https://www.extensionhut.com/)
 * @package EH_CustomerApprove
 */
-->
<config xmlns:xsi="http://www.w3.org/2001/XMLSchema-instance" xsi:noNamespaceSchemaLocation="urn:magento:framework:Acl/etc/acl.xsd">
    <acl>
        <resources>
            <resource id="Magento_Backend::admin">
                <resource id="Magento_Backend::stores">
                    <resource id="Magento_Backend::stores_settings">
                        <resource id="Magento_Config::config">
                            <resource id="EH_CustomerApprove::customerApprove" title="Customer Approval Section" translate="title" />
                        </resource>
                    </resource>
                </resource>
            </resource>
        </resources>
    </acl>
</config>
