<?xml version="1.0"?>
<!--
/**
 * @author ExtensionHut Team
 * @copyright Copyright (c) 2018 ExtensionHut (https://www.extensionhut.com/)
 * @package EH_CustomerApprove
 */
-->
<config xmlns:xsi="http://www.w3.org/2001/XMLSchema-instance" xsi:noNamespaceSchemaLocation="urn:magento:framework:ObjectManager/etc/config.xsd">
    <preference for="Magento\Customer\Model\AccountManagement"
                type="EH\CustomerApprove\Model\Customer\AccountManagement" />
    <type name="Magento\Framework\Model\ActionValidator\RemoveAction">
        <arguments>
            <argument name="protectedModels" xsi:type="array">
                <item name="customer" xsi:type="string">Magento\Customer\Model\Customer</item>
            </argument>
        </arguments>
    </type>
    <type name="Magento\Framework\Console\CommandList">
        <arguments>
            <argument name="commands" xsi:type="array">
                <item name="eh_customer_approve" xsi:type="object">EH\CustomerApprove\Console\Command\ApproveCommand</item>
                <item name="eh_customer_disapprove" xsi:type="object">EH\CustomerApprove\Console\Command\DisapproveCommand</item>
            </argument>
        </arguments>
    </type>
</config>
