<?xml version="1.0"?>
<!--
/**
 * @author ExtensionHut Team
 * @copyright Copyright (c) 2018 ExtensionHut (https://www.extensionhut.com/)
 * @package EH_CustomerApprove
 */
-->
<config xmlns:xsi="http://www.w3.org/2001/XMLSchema-instance"
        xsi:noNamespaceSchemaLocation="urn:magento:framework:DataObject/etc/fieldset.xsd">
    <scope id="global">
        <fieldset id="customer_account">
            <field name="eh_is_approved">
                <aspect name="create" />
                <aspect name="update" />
            </field>
        </fieldset>
    </scope>
</config>
